{
    "counter": {
        "ACTIVE": 5738,
        "INACTIVE": 127,
        "INVALID": 0,
        "MALICIOUS": 0,
        "SANE": 0,
        "VALID": 0,
        "total": 5865
    },
    "percentage": {
        "ACTIVE": 97.83461210571186,
        "INACTIVE": 2.186262695816836,
        "INVALID": 0,
        "MALICIOUS": 0,
        "SANE": 0,
        "VALID": 0,
        "total": 100.02087480152869
    }
}