{
    "counter": {
        "ACTIVE": 10424,
        "INACTIVE": 189,
        "INVALID": 0,
        "MALICIOUS": 0,
        "SANE": 0,
        "VALID": 0,
        "total": 10613
    },
    "percentage": {
        "ACTIVE": 98.21916517478564,
        "INACTIVE": 1.7879103206886766,
        "INVALID": 0,
        "MALICIOUS": 0,
        "SANE": 0,
        "VALID": 0,
        "total": 100.00707549547433
    }
}