{
    "counter": {
        "ACTIVE": 214,
        "INACTIVE": 4,
        "INVALID": 0,
        "MALICIOUS": 0,
        "SANE": 0,
        "VALID": 0,
        "total": 218
    },
    "percentage": {
        "ACTIVE": 98.1651376146789,
        "INACTIVE": 1.8518518518518519,
        "INVALID": 0,
        "MALICIOUS": 0,
        "SANE": 0,
        "VALID": 0,
        "total": 100.01698946653075
    }
}