{
    "counter": {
        "ACTIVE": 2124,
        "INACTIVE": 34,
        "INVALID": 0,
        "MALICIOUS": 0,
        "SANE": 0,
        "VALID": 0,
        "total": 2158
    },
    "percentage": {
        "ACTIVE": 98.4244670991659,
        "INACTIVE": 1.6167379933428436,
        "INVALID": 0,
        "MALICIOUS": 0,
        "SANE": 0,
        "VALID": 0,
        "total": 100.04120509250873
    }
}