{
    "counter": {
        "ACTIVE": 8923,
        "INACTIVE": 255,
        "INVALID": 0,
        "MALICIOUS": 0,
        "SANE": 0,
        "VALID": 0,
        "total": 9178
    },
    "percentage": {
        "ACTIVE": 97.22161691000218,
        "INACTIVE": 2.8173682466025856,
        "INVALID": 0,
        "MALICIOUS": 0,
        "SANE": 0,
        "VALID": 0,
        "total": 100.03898515660477
    }
}