{
    "counter": {
        "ACTIVE": 7288,
        "INACTIVE": 107,
        "INVALID": 0,
        "MALICIOUS": 0,
        "SANE": 0,
        "VALID": 0,
        "total": 7395
    },
    "percentage": {
        "ACTIVE": 98.55307640297498,
        "INACTIVE": 1.4534093996196686,
        "INVALID": 0,
        "MALICIOUS": 0,
        "SANE": 0,
        "VALID": 0,
        "total": 100.00648580259465
    }
}