{
    "counter": {
        "ACTIVE": 10036,
        "INACTIVE": 154,
        "INVALID": 0,
        "MALICIOUS": 0,
        "SANE": 0,
        "VALID": 0,
        "total": 10190
    },
    "percentage": {
        "ACTIVE": 98.48871442590776,
        "INACTIVE": 1.5291430841028697,
        "INVALID": 0,
        "MALICIOUS": 0,
        "SANE": 0,
        "VALID": 0,
        "total": 100.01785751001063
    }
}