{
    "counter": {
        "ACTIVE": 9666,
        "INACTIVE": 158,
        "INVALID": 0,
        "MALICIOUS": 0,
        "SANE": 0,
        "VALID": 0,
        "total": 9824
    },
    "percentage": {
        "ACTIVE": 98.39169381107492,
        "INACTIVE": 1.6442918097616817,
        "INVALID": 0,
        "MALICIOUS": 0,
        "SANE": 0,
        "VALID": 0,
        "total": 100.0359856208366
    }
}