{
    "counter": {
        "ACTIVE": 4932,
        "INACTIVE": 80,
        "INVALID": 0,
        "MALICIOUS": 0,
        "SANE": 0,
        "VALID": 0,
        "total": 5012
    },
    "percentage": {
        "ACTIVE": 98.40383080606544,
        "INACTIVE": 1.6009605763458075,
        "INVALID": 0,
        "MALICIOUS": 0,
        "SANE": 0,
        "VALID": 0,
        "total": 100.00479138241126
    }
}