{
    "counter": {
        "ACTIVE": 10878,
        "INACTIVE": 158,
        "INVALID": 0,
        "MALICIOUS": 0,
        "SANE": 0,
        "VALID": 0,
        "total": 11036
    },
    "percentage": {
        "ACTIVE": 98.56832185574484,
        "INACTIVE": 1.4459595497391782,
        "INVALID": 0,
        "MALICIOUS": 0,
        "SANE": 0,
        "VALID": 0,
        "total": 100.01428140548401
    }
}