{
    "counter": {
        "ACTIVE": 11494,
        "INACTIVE": 490,
        "INVALID": 0,
        "MALICIOUS": 0,
        "SANE": 0,
        "VALID": 0,
        "total": 11984
    },
    "percentage": {
        "ACTIVE": 95.91121495327103,
        "INACTIVE": 4.0915163660654645,
        "INVALID": 0,
        "MALICIOUS": 0,
        "SANE": 0,
        "VALID": 0,
        "total": 100.00273131933649
    }
}