{
    "counter": {
        "ACTIVE": 11567,
        "INACTIVE": 512,
        "INVALID": 0,
        "MALICIOUS": 0,
        "SANE": 0,
        "VALID": 0,
        "total": 12079
    },
    "percentage": {
        "ACTIVE": 95.78502815501822,
        "INACTIVE": 4.238761486878053,
        "INVALID": 0,
        "MALICIOUS": 0,
        "SANE": 0,
        "VALID": 0,
        "total": 100.02378964189627
    }
}