{
    "counter": {
        "ACTIVE": 8917,
        "INACTIVE": 159,
        "INVALID": 0,
        "MALICIOUS": 0,
        "SANE": 0,
        "VALID": 0,
        "total": 9076
    },
    "percentage": {
        "ACTIVE": 98.24812692816218,
        "INACTIVE": 1.781911913033733,
        "INVALID": 0,
        "MALICIOUS": 0,
        "SANE": 0,
        "VALID": 0,
        "total": 100.03003884119592
    }
}