{
    "counter": {
        "ACTIVE": 7745,
        "INACTIVE": 122,
        "INVALID": 0,
        "MALICIOUS": 0,
        "SANE": 0,
        "VALID": 0,
        "total": 7867
    },
    "percentage": {
        "ACTIVE": 98.44921825346384,
        "INACTIVE": 1.582565832144247,
        "INVALID": 0,
        "MALICIOUS": 0,
        "SANE": 0,
        "VALID": 0,
        "total": 100.03178408560808
    }
}