{
    "counter": {
        "ACTIVE": 3517,
        "INACTIVE": 53,
        "INVALID": 0,
        "MALICIOUS": 0,
        "SANE": 0,
        "VALID": 0,
        "total": 3570
    },
    "percentage": {
        "ACTIVE": 98.51540616246498,
        "INACTIVE": 1.490019679505201,
        "INVALID": 0,
        "MALICIOUS": 0,
        "SANE": 0,
        "VALID": 0,
        "total": 100.00542584197018
    }
}