{
    "counter": {
        "ACTIVE": 3493,
        "INACTIVE": 60,
        "INVALID": 0,
        "MALICIOUS": 0,
        "SANE": 0,
        "VALID": 0,
        "total": 3553
    },
    "percentage": {
        "ACTIVE": 98.31128623698284,
        "INACTIVE": 1.6896648831315122,
        "INVALID": 0,
        "MALICIOUS": 0,
        "SANE": 0,
        "VALID": 0,
        "total": 100.00095112011435
    }
}