{
    "counter": {
        "ACTIVE": 742,
        "INACTIVE": 17,
        "INVALID": 0,
        "MALICIOUS": 0,
        "SANE": 0,
        "VALID": 0,
        "total": 759
    },
    "percentage": {
        "ACTIVE": 97.76021080368906,
        "INACTIVE": 2.421652421652422,
        "INVALID": 0,
        "MALICIOUS": 0,
        "SANE": 0,
        "VALID": 0,
        "total": 100.18186322534149
    }
}