{
    "counter": {
        "ACTIVE": 10827,
        "INACTIVE": 131,
        "INVALID": 0,
        "MALICIOUS": 0,
        "SANE": 0,
        "VALID": 0,
        "total": 10958
    },
    "percentage": {
        "ACTIVE": 98.8045263734258,
        "INACTIVE": 1.216454638313678,
        "INVALID": 0,
        "MALICIOUS": 0,
        "SANE": 0,
        "VALID": 0,
        "total": 100.02098101173948
    }
}