{
    "counter": {
        "ACTIVE": 10512,
        "INACTIVE": 189,
        "INVALID": 0,
        "MALICIOUS": 0,
        "SANE": 0,
        "VALID": 0,
        "total": 10701
    },
    "percentage": {
        "ACTIVE": 98.24299065420561,
        "INACTIVE": 1.7661900756938604,
        "INVALID": 0,
        "MALICIOUS": 0,
        "SANE": 0,
        "VALID": 0,
        "total": 100.00918072989947
    }
}