{
    "counter": {
        "ACTIVE": 6612,
        "INACTIVE": 7438,
        "INVALID": 0,
        "MALICIOUS": 0,
        "SANE": 0,
        "VALID": 0,
        "total": 14050
    },
    "percentage": {
        "ACTIVE": 47.06719817767654,
        "INACTIVE": 52.93950177935943,
        "INVALID": 0,
        "MALICIOUS": 0,
        "SANE": 0,
        "VALID": 0,
        "total": 100.00669995703598
    }
}