{
    "counter": {
        "ACTIVE": 9742,
        "INACTIVE": 142,
        "INVALID": 0,
        "MALICIOUS": 0,
        "SANE": 0,
        "VALID": 0,
        "total": 9884
    },
    "percentage": {
        "ACTIVE": 98.56333468231485,
        "INACTIVE": 1.4417707381460048,
        "INVALID": 0,
        "MALICIOUS": 0,
        "SANE": 0,
        "VALID": 0,
        "total": 100.00510542046085
    }
}