{
    "counter": {
        "ACTIVE": 8482,
        "INACTIVE": 154,
        "INVALID": 0,
        "MALICIOUS": 0,
        "SANE": 0,
        "VALID": 0,
        "total": 8636
    },
    "percentage": {
        "ACTIVE": 98.21676702176934,
        "INACTIVE": 1.7850933116958387,
        "INVALID": 0,
        "MALICIOUS": 0,
        "SANE": 0,
        "VALID": 0,
        "total": 100.00186033346517
    }
}