{
    "counter": {
        "ACTIVE": 10915,
        "INACTIVE": 191,
        "INVALID": 0,
        "MALICIOUS": 0,
        "SANE": 0,
        "VALID": 0,
        "total": 11106
    },
    "percentage": {
        "ACTIVE": 98.2802088960922,
        "INACTIVE": 1.7423827768655356,
        "INVALID": 0,
        "MALICIOUS": 0,
        "SANE": 0,
        "VALID": 0,
        "total": 100.02259167295774
    }
}