{
    "counter": {
        "ACTIVE": 1761,
        "INACTIVE": 25,
        "INVALID": 0,
        "MALICIOUS": 0,
        "SANE": 0,
        "VALID": 0,
        "total": 1786
    },
    "percentage": {
        "ACTIVE": 98.60022396416574,
        "INACTIVE": 1.4351320321469576,
        "INVALID": 0,
        "MALICIOUS": 0,
        "SANE": 0,
        "VALID": 0,
        "total": 100.03535599631269
    }
}