{
    "counter": {
        "ACTIVE": 424,
        "INACTIVE": 448,
        "INVALID": 0,
        "MALICIOUS": 0,
        "SANE": 0,
        "VALID": 0,
        "total": 872
    },
    "percentage": {
        "ACTIVE": 48.62385321100918,
        "INACTIVE": 51.43513203214696,
        "INVALID": 0,
        "MALICIOUS": 0,
        "SANE": 0,
        "VALID": 0,
        "total": 100.05898524315614
    }
}