{
    "counter": {
        "ACTIVE": 6684,
        "INACTIVE": 109,
        "INVALID": 0,
        "MALICIOUS": 0,
        "SANE": 0,
        "VALID": 0,
        "total": 6793
    },
    "percentage": {
        "ACTIVE": 98.39540703665539,
        "INACTIVE": 1.641566265060241,
        "INVALID": 0,
        "MALICIOUS": 0,
        "SANE": 0,
        "VALID": 0,
        "total": 100.03697330171562
    }
}