{
    "counter": {
        "ACTIVE": 7038,
        "INACTIVE": 8110,
        "INVALID": 0,
        "MALICIOUS": 0,
        "SANE": 0,
        "VALID": 0,
        "total": 15148
    },
    "percentage": {
        "ACTIVE": 46.464646464646464,
        "INACTIVE": 53.53842091365197,
        "INVALID": 0,
        "MALICIOUS": 0,
        "SANE": 0,
        "VALID": 0,
        "total": 100.00306737829843
    }
}