{
    "counter": {
        "ACTIVE": 604,
        "INACTIVE": 9,
        "INVALID": 0,
        "MALICIOUS": 0,
        "SANE": 0,
        "VALID": 0,
        "total": 613
    },
    "percentage": {
        "ACTIVE": 98.53181076672104,
        "INACTIVE": 1.5025041736227045,
        "INVALID": 0,
        "MALICIOUS": 0,
        "SANE": 0,
        "VALID": 0,
        "total": 100.03431494034375
    }
}