{
    "counter": {
        "ACTIVE": 8952,
        "INACTIVE": 114,
        "INVALID": 0,
        "MALICIOUS": 0,
        "SANE": 0,
        "VALID": 0,
        "total": 9066
    },
    "percentage": {
        "ACTIVE": 98.74255459960291,
        "INACTIVE": 1.2985533659870145,
        "INVALID": 0,
        "MALICIOUS": 0,
        "SANE": 0,
        "VALID": 0,
        "total": 100.04110796558993
    }
}