{
    "counter": {
        "ACTIVE": 6726,
        "INACTIVE": 123,
        "INVALID": 0,
        "MALICIOUS": 0,
        "SANE": 0,
        "VALID": 0,
        "total": 6849
    },
    "percentage": {
        "ACTIVE": 98.20411738939991,
        "INACTIVE": 1.8440779610194902,
        "INVALID": 0,
        "MALICIOUS": 0,
        "SANE": 0,
        "VALID": 0,
        "total": 100.0481953504194
    }
}