{
    "counter": {
        "ACTIVE": 10898,
        "INACTIVE": 527,
        "INVALID": 0,
        "MALICIOUS": 0,
        "SANE": 0,
        "VALID": 0,
        "total": 11425
    },
    "percentage": {
        "ACTIVE": 95.38730853391685,
        "INACTIVE": 4.679868572950893,
        "INVALID": 0,
        "MALICIOUS": 0,
        "SANE": 0,
        "VALID": 0,
        "total": 100.06717710686775
    }
}