{
    "counter": {
        "ACTIVE": 5488,
        "INACTIVE": 76,
        "INVALID": 0,
        "MALICIOUS": 0,
        "SANE": 0,
        "VALID": 0,
        "total": 5564
    },
    "percentage": {
        "ACTIVE": 98.63407620416966,
        "INACTIVE": 1.38762096037977,
        "INVALID": 0,
        "MALICIOUS": 0,
        "SANE": 0,
        "VALID": 0,
        "total": 100.02169716454942
    }
}