{
    "counter": {
        "ACTIVE": 11293,
        "INACTIVE": 181,
        "INVALID": 0,
        "MALICIOUS": 0,
        "SANE": 0,
        "VALID": 0,
        "total": 11474
    },
    "percentage": {
        "ACTIVE": 98.42252048108767,
        "INACTIVE": 1.6002121828308726,
        "INVALID": 0,
        "MALICIOUS": 0,
        "SANE": 0,
        "VALID": 0,
        "total": 100.02273266391855
    }
}