{
    "counter": {
        "ACTIVE": 1217,
        "INACTIVE": 23,
        "INVALID": 0,
        "MALICIOUS": 0,
        "SANE": 0,
        "VALID": 0,
        "total": 1240
    },
    "percentage": {
        "ACTIVE": 98.14516129032258,
        "INACTIVE": 1.9759450171821307,
        "INVALID": 0,
        "MALICIOUS": 0,
        "SANE": 0,
        "VALID": 0,
        "total": 100.1211063075047
    }
}