{
    "counter": {
        "ACTIVE": 10948,
        "INACTIVE": 165,
        "INVALID": 0,
        "MALICIOUS": 0,
        "SANE": 0,
        "VALID": 0,
        "total": 11113
    },
    "percentage": {
        "ACTIVE": 98.5152524070908,
        "INACTIVE": 1.5123739688359303,
        "INVALID": 0,
        "MALICIOUS": 0,
        "SANE": 0,
        "VALID": 0,
        "total": 100.02762637592673
    }
}