{
    "counter": {
        "ACTIVE": 10862,
        "INACTIVE": 527,
        "INVALID": 0,
        "MALICIOUS": 0,
        "SANE": 0,
        "VALID": 0,
        "total": 11389
    },
    "percentage": {
        "ACTIVE": 95.37272807094566,
        "INACTIVE": 4.679868572950893,
        "INVALID": 0,
        "MALICIOUS": 0,
        "SANE": 0,
        "VALID": 0,
        "total": 100.05259664389655
    }
}