{
    "counter": {
        "ACTIVE": 11229,
        "INACTIVE": 181,
        "INVALID": 0,
        "MALICIOUS": 0,
        "SANE": 0,
        "VALID": 0,
        "total": 11410
    },
    "percentage": {
        "ACTIVE": 98.4136722173532,
        "INACTIVE": 1.6002121828308726,
        "INVALID": 0,
        "MALICIOUS": 0,
        "SANE": 0,
        "VALID": 0,
        "total": 100.01388440018407
    }
}