{
    "counter": {
        "ACTIVE": 10816,
        "INACTIVE": 131,
        "INVALID": 0,
        "MALICIOUS": 0,
        "SANE": 0,
        "VALID": 0,
        "total": 10947
    },
    "percentage": {
        "ACTIVE": 98.80332511190281,
        "INACTIVE": 1.216454638313678,
        "INVALID": 0,
        "MALICIOUS": 0,
        "SANE": 0,
        "VALID": 0,
        "total": 100.01977975021649
    }
}