{
    "counter": {
        "ACTIVE": 3516,
        "INACTIVE": 54,
        "INVALID": 0,
        "MALICIOUS": 0,
        "SANE": 0,
        "VALID": 0,
        "total": 3570
    },
    "percentage": {
        "ACTIVE": 98.4873949579832,
        "INACTIVE": 1.5202702702702702,
        "INVALID": 0,
        "MALICIOUS": 0,
        "SANE": 0,
        "VALID": 0,
        "total": 100.00766522825347
    }
}