{
    "counter": {
        "ACTIVE": 10024,
        "INACTIVE": 122,
        "INVALID": 0,
        "MALICIOUS": 0,
        "SANE": 0,
        "VALID": 0,
        "total": 10146
    },
    "percentage": {
        "ACTIVE": 98.79755568697024,
        "INACTIVE": 1.203037175820925,
        "INVALID": 0,
        "MALICIOUS": 0,
        "SANE": 0,
        "VALID": 0,
        "total": 100.00059286279117
    }
}