{
    "counter": {
        "ACTIVE": 147,
        "INACTIVE": 2,
        "INVALID": 0,
        "MALICIOUS": 0,
        "SANE": 0,
        "VALID": 0,
        "total": 149
    },
    "percentage": {
        "ACTIVE": 98.65771812080537,
        "INACTIVE": 1.5748031496062993,
        "INVALID": 0,
        "MALICIOUS": 0,
        "SANE": 0,
        "VALID": 0,
        "total": 100.23252127041167
    }
}