{
    "counter": {
        "ACTIVE": 1177,
        "INACTIVE": 20,
        "INVALID": 0,
        "MALICIOUS": 0,
        "SANE": 0,
        "VALID": 0,
        "total": 1197
    },
    "percentage": {
        "ACTIVE": 98.32915622389307,
        "INACTIVE": 1.7108639863130881,
        "INVALID": 0,
        "MALICIOUS": 0,
        "SANE": 0,
        "VALID": 0,
        "total": 100.04002021020615
    }
}