{
    "counter": {
        "ACTIVE": 5341,
        "INACTIVE": 86,
        "INVALID": 0,
        "MALICIOUS": 0,
        "SANE": 0,
        "VALID": 0,
        "total": 5427
    },
    "percentage": {
        "ACTIVE": 98.41533075363921,
        "INACTIVE": 1.591708310198038,
        "INVALID": 0,
        "MALICIOUS": 0,
        "SANE": 0,
        "VALID": 0,
        "total": 100.00703906383725
    }
}