{
    "counter": {
        "ACTIVE": 7890,
        "INACTIVE": 124,
        "INVALID": 0,
        "MALICIOUS": 0,
        "SANE": 0,
        "VALID": 0,
        "total": 8014
    },
    "percentage": {
        "ACTIVE": 98.45270776141751,
        "INACTIVE": 1.5599446471254246,
        "INVALID": 0,
        "MALICIOUS": 0,
        "SANE": 0,
        "VALID": 0,
        "total": 100.01265240854293
    }
}