{
    "counter": {
        "ACTIVE": 6719,
        "INACTIVE": 104,
        "INVALID": 0,
        "MALICIOUS": 0,
        "SANE": 0,
        "VALID": 0,
        "total": 6823
    },
    "percentage": {
        "ACTIVE": 98.47574380770922,
        "INACTIVE": 1.5439429928741093,
        "INVALID": 0,
        "MALICIOUS": 0,
        "SANE": 0,
        "VALID": 0,
        "total": 100.01968680058333
    }
}