{
    "counter": {
        "ACTIVE": 9995,
        "INACTIVE": 12733,
        "INVALID": 0,
        "MALICIOUS": 0,
        "SANE": 0,
        "VALID": 0,
        "total": 22728
    },
    "percentage": {
        "ACTIVE": 43.98820526362116,
        "INACTIVE": 56.02340725096797,
        "INVALID": 0,
        "MALICIOUS": 0,
        "SANE": 0,
        "VALID": 0,
        "total": 100.01161251458913
    }
}