{
    "counter": {
        "ACTIVE": 10408,
        "INACTIVE": 13500,
        "INVALID": 0,
        "MALICIOUS": 0,
        "SANE": 0,
        "VALID": 0,
        "total": 23908
    },
    "percentage": {
        "ACTIVE": 43.53536621073326,
        "INACTIVE": 56.4664547431822,
        "INVALID": 0,
        "MALICIOUS": 0,
        "SANE": 0,
        "VALID": 0,
        "total": 100.00182095391546
    }
}