{
    "counter": {
        "ACTIVE": 3968,
        "INACTIVE": 75,
        "INVALID": 0,
        "MALICIOUS": 0,
        "SANE": 0,
        "VALID": 0,
        "total": 4043
    },
    "percentage": {
        "ACTIVE": 98.14494187484541,
        "INACTIVE": 1.8568952711067095,
        "INVALID": 0,
        "MALICIOUS": 0,
        "SANE": 0,
        "VALID": 0,
        "total": 100.00183714595212
    }
}