{
    "counter": {
        "ACTIVE": 4494,
        "INACTIVE": 57,
        "INVALID": 0,
        "MALICIOUS": 0,
        "SANE": 0,
        "VALID": 0,
        "total": 4551
    },
    "percentage": {
        "ACTIVE": 98.7475280158207,
        "INACTIVE": 1.2714699977693509,
        "INVALID": 0,
        "MALICIOUS": 0,
        "SANE": 0,
        "VALID": 0,
        "total": 100.01899801359005
    }
}