{
    "counter": {
        "ACTIVE": 477,
        "INACTIVE": 4,
        "INVALID": 0,
        "MALICIOUS": 0,
        "SANE": 0,
        "VALID": 0,
        "total": 481
    },
    "percentage": {
        "ACTIVE": 99.16839916839916,
        "INACTIVE": 0.9280742459396751,
        "INVALID": 0,
        "MALICIOUS": 0,
        "SANE": 0,
        "VALID": 0,
        "total": 100.09647341433883
    }
}