{
    "counter": {
        "ACTIVE": 6144,
        "INACTIVE": 80,
        "INVALID": 0,
        "MALICIOUS": 0,
        "SANE": 0,
        "VALID": 0,
        "total": 6224
    },
    "percentage": {
        "ACTIVE": 98.7146529562982,
        "INACTIVE": 1.2896985329679187,
        "INVALID": 0,
        "MALICIOUS": 0,
        "SANE": 0,
        "VALID": 0,
        "total": 100.00435148926611
    }
}