{
    "counter": {
        "ACTIVE": 6203,
        "INACTIVE": 96,
        "INVALID": 0,
        "MALICIOUS": 0,
        "SANE": 0,
        "VALID": 0,
        "total": 6299
    },
    "percentage": {
        "ACTIVE": 98.47594856326401,
        "INACTIVE": 1.5333013895543843,
        "INVALID": 0,
        "MALICIOUS": 0,
        "SANE": 0,
        "VALID": 0,
        "total": 100.0092499528184
    }
}