{
    "counter": {
        "ACTIVE": 8055,
        "INACTIVE": 133,
        "INVALID": 0,
        "MALICIOUS": 0,
        "SANE": 0,
        "VALID": 0,
        "total": 8188
    },
    "percentage": {
        "ACTIVE": 98.37567171470445,
        "INACTIVE": 1.6482835543437848,
        "INVALID": 0,
        "MALICIOUS": 0,
        "SANE": 0,
        "VALID": 0,
        "total": 100.02395526904824
    }
}