{
    "counter": {
        "ACTIVE": 3473,
        "INACTIVE": 45,
        "INVALID": 0,
        "MALICIOUS": 0,
        "SANE": 0,
        "VALID": 0,
        "total": 3518
    },
    "percentage": {
        "ACTIVE": 98.72086412734508,
        "INACTIVE": 1.3432835820895523,
        "INVALID": 0,
        "MALICIOUS": 0,
        "SANE": 0,
        "VALID": 0,
        "total": 100.06414770943464
    }
}