{
    "counter": {
        "ACTIVE": 2242,
        "INACTIVE": 46,
        "INVALID": 0,
        "MALICIOUS": 0,
        "SANE": 0,
        "VALID": 0,
        "total": 2288
    },
    "percentage": {
        "ACTIVE": 97.9895104895105,
        "INACTIVE": 2.0590868397493285,
        "INVALID": 0,
        "MALICIOUS": 0,
        "SANE": 0,
        "VALID": 0,
        "total": 100.04859732925982
    }
}