{
    "counter": {
        "ACTIVE": 7674,
        "INACTIVE": 475,
        "INVALID": 0,
        "MALICIOUS": 0,
        "SANE": 0,
        "VALID": 0,
        "total": 8149
    },
    "percentage": {
        "ACTIVE": 94.17106393422506,
        "INACTIVE": 5.835380835380835,
        "INVALID": 0,
        "MALICIOUS": 0,
        "SANE": 0,
        "VALID": 0,
        "total": 100.00644476960589
    }
}