{
    "counter": {
        "ACTIVE": 8401,
        "INACTIVE": 147,
        "INVALID": 0,
        "MALICIOUS": 0,
        "SANE": 0,
        "VALID": 0,
        "total": 8548
    },
    "percentage": {
        "ACTIVE": 98.2802994852597,
        "INACTIVE": 1.723531480830109,
        "INVALID": 0,
        "MALICIOUS": 0,
        "SANE": 0,
        "VALID": 0,
        "total": 100.00383096608981
    }
}