{
    "counter": {
        "ACTIVE": 5467,
        "INACTIVE": 94,
        "INVALID": 0,
        "MALICIOUS": 0,
        "SANE": 0,
        "VALID": 0,
        "total": 5561
    },
    "percentage": {
        "ACTIVE": 98.30965653659413,
        "INACTIVE": 1.7112688876752231,
        "INVALID": 0,
        "MALICIOUS": 0,
        "SANE": 0,
        "VALID": 0,
        "total": 100.02092542426935
    }
}