{
    "counter": {
        "ACTIVE": 8208,
        "INACTIVE": 9966,
        "INVALID": 0,
        "MALICIOUS": 0,
        "SANE": 0,
        "VALID": 0,
        "total": 18174
    },
    "percentage": {
        "ACTIVE": 45.165905464150114,
        "INACTIVE": 54.83657972928359,
        "INVALID": 0,
        "MALICIOUS": 0,
        "SANE": 0,
        "VALID": 0,
        "total": 100.0024851934337
    }
}