{
    "counter": {
        "ACTIVE": 1336,
        "INACTIVE": 28,
        "INVALID": 0,
        "MALICIOUS": 0,
        "SANE": 0,
        "VALID": 0,
        "total": 1364
    },
    "percentage": {
        "ACTIVE": 97.94721407624634,
        "INACTIVE": 2.158828064764842,
        "INVALID": 0,
        "MALICIOUS": 0,
        "SANE": 0,
        "VALID": 0,
        "total": 100.10604214101119
    }
}