{
    "counter": {
        "ACTIVE": 10819,
        "INACTIVE": 131,
        "INVALID": 0,
        "MALICIOUS": 0,
        "SANE": 0,
        "VALID": 0,
        "total": 10950
    },
    "percentage": {
        "ACTIVE": 98.80365296803653,
        "INACTIVE": 1.216454638313678,
        "INVALID": 0,
        "MALICIOUS": 0,
        "SANE": 0,
        "VALID": 0,
        "total": 100.02010760635021
    }
}