{
    "counter": {
        "ACTIVE": 317,
        "INACTIVE": 4,
        "INVALID": 0,
        "MALICIOUS": 0,
        "SANE": 0,
        "VALID": 0,
        "total": 321
    },
    "percentage": {
        "ACTIVE": 98.75389408099689,
        "INACTIVE": 1.4760147601476015,
        "INVALID": 0,
        "MALICIOUS": 0,
        "SANE": 0,
        "VALID": 0,
        "total": 100.22990884114449
    }
}