{
    "counter": {
        "ACTIVE": 11380,
        "INACTIVE": 439,
        "INVALID": 0,
        "MALICIOUS": 0,
        "SANE": 0,
        "VALID": 0,
        "total": 11819
    },
    "percentage": {
        "ACTIVE": 96.29378913521747,
        "INACTIVE": 3.7143582367374566,
        "INVALID": 0,
        "MALICIOUS": 0,
        "SANE": 0,
        "VALID": 0,
        "total": 100.00814737195492
    }
}