{
    "counter": {
        "ACTIVE": 10796,
        "INACTIVE": 182,
        "INVALID": 0,
        "MALICIOUS": 0,
        "SANE": 0,
        "VALID": 0,
        "total": 10978
    },
    "percentage": {
        "ACTIVE": 98.34213882310075,
        "INACTIVE": 1.6712580348943986,
        "INVALID": 0,
        "MALICIOUS": 0,
        "SANE": 0,
        "VALID": 0,
        "total": 100.01339685799515
    }
}