{
    "counter": {
        "ACTIVE": 4272,
        "INACTIVE": 4263,
        "INVALID": 0,
        "MALICIOUS": 0,
        "SANE": 0,
        "VALID": 0,
        "total": 8535
    },
    "percentage": {
        "ACTIVE": 50.05858917272088,
        "INACTIVE": 49.94727592267135,
        "INVALID": 0,
        "MALICIOUS": 0,
        "SANE": 0,
        "VALID": 0,
        "total": 100.00586509539224
    }
}