{
    "counter": {
        "ACTIVE": 10085,
        "INACTIVE": 112,
        "INVALID": 0,
        "MALICIOUS": 0,
        "SANE": 0,
        "VALID": 0,
        "total": 10197
    },
    "percentage": {
        "ACTIVE": 98.9016377365892,
        "INACTIVE": 1.1134307585247043,
        "INVALID": 0,
        "MALICIOUS": 0,
        "SANE": 0,
        "VALID": 0,
        "total": 100.0150684951139
    }
}