{
    "counter": {
        "ACTIVE": 3003,
        "INACTIVE": 51,
        "INVALID": 0,
        "MALICIOUS": 0,
        "SANE": 0,
        "VALID": 0,
        "total": 3054
    },
    "percentage": {
        "ACTIVE": 98.33005893909626,
        "INACTIVE": 1.7951425554382259,
        "INVALID": 0,
        "MALICIOUS": 0,
        "SANE": 0,
        "VALID": 0,
        "total": 100.1252014945345
    }
}