{
    "counter": {
        "ACTIVE": 3665,
        "INACTIVE": 50,
        "INVALID": 0,
        "MALICIOUS": 0,
        "SANE": 0,
        "VALID": 0,
        "total": 3715
    },
    "percentage": {
        "ACTIVE": 98.65410497981158,
        "INACTIVE": 1.3550135501355014,
        "INVALID": 0,
        "MALICIOUS": 0,
        "SANE": 0,
        "VALID": 0,
        "total": 100.00911852994707
    }
}