{
    "counter": {
        "ACTIVE": 6781,
        "INACTIVE": 141,
        "INVALID": 0,
        "MALICIOUS": 0,
        "SANE": 0,
        "VALID": 0,
        "total": 6922
    },
    "percentage": {
        "ACTIVE": 97.96301646922855,
        "INACTIVE": 2.0491207673303298,
        "INVALID": 0,
        "MALICIOUS": 0,
        "SANE": 0,
        "VALID": 0,
        "total": 100.01213723655889
    }
}