{
    "counter": {
        "ACTIVE": 4880,
        "INACTIVE": 103,
        "INVALID": 0,
        "MALICIOUS": 0,
        "SANE": 0,
        "VALID": 0,
        "total": 4983
    },
    "percentage": {
        "ACTIVE": 97.93297210515753,
        "INACTIVE": 2.0749395648670426,
        "INVALID": 0,
        "MALICIOUS": 0,
        "SANE": 0,
        "VALID": 0,
        "total": 100.00791167002457
    }
}