{
    "counter": {
        "ACTIVE": 3622,
        "INACTIVE": 113,
        "INVALID": 0,
        "MALICIOUS": 0,
        "SANE": 0,
        "VALID": 0,
        "total": 3735
    },
    "percentage": {
        "ACTIVE": 96.97456492637215,
        "INACTIVE": 3.027055987141709,
        "INVALID": 0,
        "MALICIOUS": 0,
        "SANE": 0,
        "VALID": 0,
        "total": 100.00162091351386
    }
}