{
    "counter": {
        "ACTIVE": 1398,
        "INACTIVE": 64,
        "INVALID": 0,
        "MALICIOUS": 0,
        "SANE": 0,
        "VALID": 0,
        "total": 1462
    },
    "percentage": {
        "ACTIVE": 95.62243502051983,
        "INACTIVE": 4.507042253521127,
        "INVALID": 0,
        "MALICIOUS": 0,
        "SANE": 0,
        "VALID": 0,
        "total": 100.12947727404095
    }
}