{
    "counter": {
        "ACTIVE": 11245,
        "INACTIVE": 181,
        "INVALID": 0,
        "MALICIOUS": 0,
        "SANE": 0,
        "VALID": 0,
        "total": 11426
    },
    "percentage": {
        "ACTIVE": 98.41589357605461,
        "INACTIVE": 1.6002121828308726,
        "INVALID": 0,
        "MALICIOUS": 0,
        "SANE": 0,
        "VALID": 0,
        "total": 100.01610575888549
    }
}