{
    "counter": {
        "ACTIVE": 10893,
        "INACTIVE": 191,
        "INVALID": 0,
        "MALICIOUS": 0,
        "SANE": 0,
        "VALID": 0,
        "total": 11084
    },
    "percentage": {
        "ACTIVE": 98.27679538072898,
        "INACTIVE": 1.7526151587447238,
        "INVALID": 0,
        "MALICIOUS": 0,
        "SANE": 0,
        "VALID": 0,
        "total": 100.0294105394737
    }
}