{
    "counter": {
        "ACTIVE": 7838,
        "INACTIVE": 137,
        "INVALID": 0,
        "MALICIOUS": 0,
        "SANE": 0,
        "VALID": 0,
        "total": 7975
    },
    "percentage": {
        "ACTIVE": 98.28213166144201,
        "INACTIVE": 1.7472261191174594,
        "INVALID": 0,
        "MALICIOUS": 0,
        "SANE": 0,
        "VALID": 0,
        "total": 100.02935778055947
    }
}