{
    "counter": {
        "ACTIVE": 9202,
        "INACTIVE": 153,
        "INVALID": 0,
        "MALICIOUS": 0,
        "SANE": 0,
        "VALID": 0,
        "total": 9355
    },
    "percentage": {
        "ACTIVE": 98.36451095670765,
        "INACTIVE": 1.6579973992197659,
        "INVALID": 0,
        "MALICIOUS": 0,
        "SANE": 0,
        "VALID": 0,
        "total": 100.02250835592741
    }
}