{
    "counter": {
        "ACTIVE": 7550,
        "INACTIVE": 115,
        "INVALID": 0,
        "MALICIOUS": 0,
        "SANE": 0,
        "VALID": 0,
        "total": 7665
    },
    "percentage": {
        "ACTIVE": 98.4996738421396,
        "INACTIVE": 1.5161502966381015,
        "INVALID": 0,
        "MALICIOUS": 0,
        "SANE": 0,
        "VALID": 0,
        "total": 100.0158241387777
    }
}