{
    "counter": {
        "ACTIVE": 5869,
        "INACTIVE": 93,
        "INVALID": 0,
        "MALICIOUS": 0,
        "SANE": 0,
        "VALID": 0,
        "total": 5962
    },
    "percentage": {
        "ACTIVE": 98.44012076484401,
        "INACTIVE": 1.590559261159569,
        "INVALID": 0,
        "MALICIOUS": 0,
        "SANE": 0,
        "VALID": 0,
        "total": 100.03068002600358
    }
}