{
    "counter": {
        "ACTIVE": 10767,
        "INACTIVE": 180,
        "INVALID": 0,
        "MALICIOUS": 0,
        "SANE": 0,
        "VALID": 0,
        "total": 10947
    },
    "percentage": {
        "ACTIVE": 98.35571389421759,
        "INACTIVE": 1.7133066818960594,
        "INVALID": 0,
        "MALICIOUS": 0,
        "SANE": 0,
        "VALID": 0,
        "total": 100.06902057611364
    }
}