{
    "counter": {
        "ACTIVE": 10067,
        "INACTIVE": 144,
        "INVALID": 0,
        "MALICIOUS": 0,
        "SANE": 0,
        "VALID": 0,
        "total": 10211
    },
    "percentage": {
        "ACTIVE": 98.58975614533347,
        "INACTIVE": 1.4181603309040771,
        "INVALID": 0,
        "MALICIOUS": 0,
        "SANE": 0,
        "VALID": 0,
        "total": 100.00791647623754
    }
}