{
    "counter": {
        "ACTIVE": 8250,
        "INACTIVE": 133,
        "INVALID": 0,
        "MALICIOUS": 0,
        "SANE": 0,
        "VALID": 0,
        "total": 8383
    },
    "percentage": {
        "ACTIVE": 98.41345580341167,
        "INACTIVE": 1.5918611609814481,
        "INVALID": 0,
        "MALICIOUS": 0,
        "SANE": 0,
        "VALID": 0,
        "total": 100.00531696439312
    }
}