{
    "counter": {
        "ACTIVE": 10972,
        "INACTIVE": 169,
        "INVALID": 0,
        "MALICIOUS": 0,
        "SANE": 0,
        "VALID": 0,
        "total": 11141
    },
    "percentage": {
        "ACTIVE": 98.4830805134189,
        "INACTIVE": 1.5547378104875804,
        "INVALID": 0,
        "MALICIOUS": 0,
        "SANE": 0,
        "VALID": 0,
        "total": 100.03781832390648
    }
}