{
    "counter": {
        "ACTIVE": 3132,
        "INACTIVE": 64,
        "INVALID": 0,
        "MALICIOUS": 0,
        "SANE": 0,
        "VALID": 0,
        "total": 3196
    },
    "percentage": {
        "ACTIVE": 97.99749687108886,
        "INACTIVE": 2.0182907600126145,
        "INVALID": 0,
        "MALICIOUS": 0,
        "SANE": 0,
        "VALID": 0,
        "total": 100.01578763110147
    }
}