{
    "counter": {
        "ACTIVE": 9713,
        "INACTIVE": 269,
        "INVALID": 0,
        "MALICIOUS": 0,
        "SANE": 0,
        "VALID": 0,
        "total": 9982
    },
    "percentage": {
        "ACTIVE": 97.30514926868364,
        "INACTIVE": 2.729025058334179,
        "INVALID": 0,
        "MALICIOUS": 0,
        "SANE": 0,
        "VALID": 0,
        "total": 100.03417432701781
    }
}