{
    "counter": {
        "ACTIVE": 3843,
        "INACTIVE": 67,
        "INVALID": 0,
        "MALICIOUS": 0,
        "SANE": 0,
        "VALID": 0,
        "total": 3910
    },
    "percentage": {
        "ACTIVE": 98.28644501278772,
        "INACTIVE": 1.763157894736842,
        "INVALID": 0,
        "MALICIOUS": 0,
        "SANE": 0,
        "VALID": 0,
        "total": 100.04960290752456
    }
}