{
    "counter": {
        "ACTIVE": 2380,
        "INACTIVE": 36,
        "INVALID": 0,
        "MALICIOUS": 0,
        "SANE": 0,
        "VALID": 0,
        "total": 2416
    },
    "percentage": {
        "ACTIVE": 98.50993377483444,
        "INACTIVE": 1.567261645624728,
        "INVALID": 0,
        "MALICIOUS": 0,
        "SANE": 0,
        "VALID": 0,
        "total": 100.07719542045916
    }
}