{
    "counter": {
        "ACTIVE": 10935,
        "INACTIVE": 187,
        "INVALID": 0,
        "MALICIOUS": 0,
        "SANE": 0,
        "VALID": 0,
        "total": 11122
    },
    "percentage": {
        "ACTIVE": 98.31864772522927,
        "INACTIVE": 1.7162261380323054,
        "INVALID": 0,
        "MALICIOUS": 0,
        "SANE": 0,
        "VALID": 0,
        "total": 100.03487386326158
    }
}