{
    "counter": {
        "ACTIVE": 1847,
        "INACTIVE": 1016,
        "INVALID": 0,
        "MALICIOUS": 0,
        "SANE": 0,
        "VALID": 0,
        "total": 2863
    },
    "percentage": {
        "ACTIVE": 64.55784690667599,
        "INACTIVE": 35.4872511351729,
        "INVALID": 0,
        "MALICIOUS": 0,
        "SANE": 0,
        "VALID": 0,
        "total": 100.04509804184889
    }
}