{
    "counter": {
        "ACTIVE": 5644,
        "INACTIVE": 96,
        "INVALID": 0,
        "MALICIOUS": 0,
        "SANE": 0,
        "VALID": 0,
        "total": 5740
    },
    "percentage": {
        "ACTIVE": 98.32752613240419,
        "INACTIVE": 1.700921332388377,
        "INVALID": 0,
        "MALICIOUS": 0,
        "SANE": 0,
        "VALID": 0,
        "total": 100.02844746479256
    }
}