{
    "counter": {
        "ACTIVE": 4754,
        "INACTIVE": 86,
        "INVALID": 0,
        "MALICIOUS": 0,
        "SANE": 0,
        "VALID": 0,
        "total": 4840
    },
    "percentage": {
        "ACTIVE": 98.22314049586777,
        "INACTIVE": 1.8598615916955017,
        "INVALID": 0,
        "MALICIOUS": 0,
        "SANE": 0,
        "VALID": 0,
        "total": 100.08300208756327
    }
}