{
    "counter": {
        "ACTIVE": 6923,
        "INACTIVE": 115,
        "INVALID": 0,
        "MALICIOUS": 0,
        "SANE": 0,
        "VALID": 0,
        "total": 7038
    },
    "percentage": {
        "ACTIVE": 98.36601307189542,
        "INACTIVE": 1.6349161216946262,
        "INVALID": 0,
        "MALICIOUS": 0,
        "SANE": 0,
        "VALID": 0,
        "total": 100.00092919359005
    }
}