{
    "counter": {
        "ACTIVE": 10189,
        "INACTIVE": 195,
        "INVALID": 0,
        "MALICIOUS": 0,
        "SANE": 0,
        "VALID": 0,
        "total": 10384
    },
    "percentage": {
        "ACTIVE": 98.12211093990754,
        "INACTIVE": 1.8955963837853602,
        "INVALID": 0,
        "MALICIOUS": 0,
        "SANE": 0,
        "VALID": 0,
        "total": 100.0177073236929
    }
}